INSERT INTO trabajador (id_trabajador, apellido, email, nombre, password, precio_hora_extra, sueldo_base) Values (1, 'fanega', 'fanega@gmail.com','Alejandro' ,'{bcrypt}$2a$10$DAshztyKHSneszQMBFxs5.VHl.HUKIpSHu/n8t3f/PFiG0ZIEWi7.' ,26, 3012);
INSERT INTO trabajador (id_trabajador, apellido, email, nombre, password, precio_hora_extra, sueldo_base) Values (2, 'Claro', 'claro@gmail.com', 'José','{bcrypt}$2a$10$DAshztyKHSneszQMBFxs5.VHl.HUKIpSHu/n8t3f/PFiG0ZIEWi7.' ,29, 2312);
INSERT INTO cliente (id_cliente, apellido, ciudad, dni, email, nombre, telefono) Values (1, 'perez', 'madrid', '77654902F', 'perez@gmail.com', 'pepe', 675483297);
INSERT INTO cliente (id_cliente, apellido, ciudad, dni, email, nombre, telefono) Values (2, 'lópez', 'sevilla', '7797902S', 'lopez@gmail.com', 'paco', 675432873);
INSERT INTO reforma (id, fecha_final, fecha_inicio, presupuesto, calle, jefe_de_obra_id_trabajador, propietario_id_cliente) Values (1, '2024-03-13', '2020-04-12', 12342, 'San Jacinto 96', 1, 1);
INSERT INTO reforma (id, fecha_final, fecha_inicio, presupuesto, calle, jefe_de_obra_id_trabajador, propietario_id_cliente) Values (2, '2023-03-13', '2021-04-12', 12282, 'Pascual Marquez 124', 2, 1);
INSERT INTO linea_de_materiales (id_linea_de_materiales, cantidad, reforma_id) Values (1, 2, 1);
INSERT INTO linea_de_materiales (id_linea_de_materiales, cantidad, reforma_id) Values (2, 3, 2);
INSERT INTO linea_de_materiales (id_linea_de_materiales, cantidad, reforma_id) Values (3, 2, 1);
INSERT INTO linea_de_materiales (id_linea_de_materiales, cantidad, reforma_id) Values (4, 3, 2);
INSERT INTO linea_de_materiales (id_linea_de_materiales, cantidad, reforma_id) Values (5, 2, 1);
INSERT INTO linea_de_materiales (id_linea_de_materiales, cantidad, reforma_id) Values (6, 3, 2);
INSERT INTO linea_de_materiales (id_linea_de_materiales, cantidad, reforma_id) Values (7, 2, 1);
INSERT INTO linea_de_materiales (id_linea_de_materiales, cantidad, reforma_id) Values (8, 3, 2);
INSERT INTO linea_de_materiales (id_linea_de_materiales, cantidad, reforma_id) Values (9, 2, 1);
INSERT INTO linea_de_materiales (id_linea_de_materiales, cantidad, reforma_id) Values (10, 3, 2);
INSERT INTO linea_de_materiales (id_linea_de_materiales, cantidad, reforma_id) Values (11, 2, 1);
INSERT INTO linea_de_materiales (id_linea_de_materiales, cantidad, reforma_id) Values (12, 3, 2);
INSERT INTO linea_de_materiales (id_linea_de_materiales, cantidad, reforma_id) Values (13, 2, 1);
INSERT INTO linea_de_materiales (id_linea_de_materiales, cantidad, reforma_id) Values (14, 1, 2);
INSERT INTO linea_de_materiales (id_linea_de_materiales, cantidad, reforma_id) Values (15, 2, 1);
INSERT INTO linea_de_materiales (id_linea_de_materiales, cantidad, reforma_id) Values (16, 10, 2);
INSERT INTO linea_de_materiales (id_linea_de_materiales, cantidad, reforma_id) Values (17, 8, 1);
INSERT INTO linea_de_materiales (id_linea_de_materiales, cantidad, reforma_id) Values (18, 7, 2);
INSERT INTO materiales (id, coste, nombre, pvp_material, linea_venta_id_linea_de_materiales) Values (1, 12, 'ladrillos', 16, 1);
INSERT INTO materiales (id, coste, nombre, pvp_material, linea_venta_id_linea_de_materiales) Values (2, 13, 'cemento', 17, 2);
INSERT INTO materiales (id, coste, nombre, pvp_material, linea_venta_id_linea_de_materiales) Values (3, 11, 'pintura', 19, 3);
INSERT INTO materiales (id, coste, nombre, pvp_material, linea_venta_id_linea_de_materiales) Values (4, 27, 'lámpara', 38, 4);
INSERT INTO materiales (id, coste, nombre, pvp_material, linea_venta_id_linea_de_materiales) Values (5, 15, 'espejo', 37, 5);
INSERT INTO materiales (id, coste, nombre, pvp_material, linea_venta_id_linea_de_materiales) Values (6, 69, 'váter', 93, 6);
INSERT INTO materiales (id, coste, nombre, pvp_material, linea_venta_id_linea_de_materiales) Values (7, 1, 'pvc', 3, 7);
INSERT INTO materiales (id, coste, nombre, pvp_material, linea_venta_id_linea_de_materiales) Values (8, 0.23, 'lijas', 1.2, 8);
INSERT INTO materiales (id, coste, nombre, pvp_material, linea_venta_id_linea_de_materiales) Values (9, 4.80, 'alfombrillas', 11.7, 9);
INSERT INTO materiales (id, coste, nombre, pvp_material, linea_venta_id_linea_de_materiales) Values (10, 135, 'plato de ducha', 398, 10);
INSERT INTO materiales (id, coste, nombre, pvp_material, linea_venta_id_linea_de_materiales) Values (11, 113.7, 'cableado', 209.7, 11);
INSERT INTO materiales (id, coste, nombre, pvp_material, linea_venta_id_linea_de_materiales) Values (12, 27, 'enchufes', 36, 12);
INSERT INTO materiales (id, coste, nombre, pvp_material, linea_venta_id_linea_de_materiales) Values (13, 14, 'iluminación', 28, 13);
INSERT INTO materiales (id, coste, nombre, pvp_material, linea_venta_id_linea_de_materiales) Values (14, 1798.34, 'aire acondicionado centralizado', 4007.14, 14);
INSERT INTO materiales (id, coste, nombre, pvp_material, linea_venta_id_linea_de_materiales) Values (15, 408.56, 'suelo', 713.57, 15);
INSERT INTO materiales (id, coste, nombre, pvp_material, linea_venta_id_linea_de_materiales) Values (16, 40, 'puertas', 100, 16);
INSERT INTO materiales (id, coste, nombre, pvp_material, linea_venta_id_linea_de_materiales) Values (17, 27, 'sillas', 76, 17);
INSERT INTO materiales (id, coste, nombre, pvp_material, linea_venta_id_linea_de_materiales) Values (18, 60, 'ventanas', 134, 18);
INSERT INTO parte_trabajador (fecha, reforma_id, trabajador_id, num_horas, num_horas_extra) Values ('2023-04-10', 1, 1, 12, 2);
INSERT INTO parte_trabajador (fecha, reforma_id, trabajador_id, num_horas, num_horas_extra) Values ('2020-02-14', 2, 2, 10, 1);

ALTER SEQUENCE HIBERNATE_SEQUENCE RESTART with 1000
